product_category,product_name,github_link,sample_language
Security,Sensitive Data Protection,https://github.com/GoogleCloudPlatform/dotnet-docs-samples/blob/main/dlp/api/Snippets/DeidentifyFreeTextWithFpeUsingSurrogate.cs,C#
Security,Sensitive Data Protection,https://github.com/GoogleCloudPlatform/dotnet-docs-samples/blob/main/dlp/api/Snippets/DeidentifyWithDateShift.cs,C#
Observability and monitoring,Monitoring,https://github.com/GoogleCloudPlatform/dotnet-docs-samples/blob/main/monitoring/api/UptimeCheckSample/Program.cs,C#
Security,Secret Manager,https://github.com/GoogleCloudPlatform/dotnet-docs-samples/blob/main/parametermanager/api/ParameterManager.RegionalSamples/CreateStructuredRegionalParameterVersion.cs,C#
Security,Cloud KMS,https://github.com/GoogleCloudPlatform/dotnet-docs-samples/blob/main/storage/api/Storage.Samples/UploadFileWithKmsKey.cs,C#
Storage,Storage Transfer Service,https://github.com/GoogleCloudPlatform/dotnet-docs-samples/blob/main/storagetransfer/api/StorageTransfer.Samples/DownloadToPosixSample.cs,C#
Data analytics and pipelines,BigQuery,https://github.com/GoogleCloudPlatform/golang-samples/blob/main/bigquery/snippets/table/bigquery_create_table_external_hivepartitioned.go,Go
Compute,Compute Engine,https://github.com/GoogleCloudPlatform/golang-samples/blob/main/compute/disks/consistency_group_add_disk.go,Go
Security,Sensitive Data Protection,https://github.com/GoogleCloudPlatform/golang-samples/blob/main/dlp/snippets/redact/redact_image_colored_infotypes.go,Go
Security,Sensitive Data Protection,https://github.com/GoogleCloudPlatform/golang-samples/blob/main/dlp/snippets/trigger/list.go,Go
Compute,App Engine,https://github.com/GoogleCloudPlatform/golang-samples/blob/main/docs/appengine/tools/unittest/package.go,Go
Databases,Firestore,https://github.com/GoogleCloudPlatform/golang-samples/blob/main/firestore/vector_search_result_field_masked.go,Go
App development,Pub/Sub,https://github.com/GoogleCloudPlatform/golang-samples/blob/main/functions/functionsv2/hellopubsub/hello_pubsub.go,Go
AI and ML,Vertex AI,https://github.com/GoogleCloudPlatform/golang-samples/blob/main/genai/controlled_generation/ctrlgen_with_nullable_schema.go,Go
AI and ML,Vertex AI,https://github.com/GoogleCloudPlatform/golang-samples/blob/main/genai/text_generation/textgen_with_txt_img.go,Go
Security,Certificate Authority,https://github.com/GoogleCloudPlatform/golang-samples/blob/main/privateca/revoke_certificate.go,Go
App development,Pub/Sub,https://github.com/GoogleCloudPlatform/golang-samples/blob/main/pubsub/v1samples/topics/create_topic_azure_event_hubs_ingestion.go,Go
App development,Pub/Sub,https://github.com/GoogleCloudPlatform/golang-samples/blob/main/pubsub/v1samples/topics/publish.go,Go
App development,Pub/Sub,https://github.com/GoogleCloudPlatform/golang-samples/blob/main/pubsublite/admin/update_subscription.go,Go
Databases,Spanner,https://github.com/GoogleCloudPlatform/golang-samples/blob/main/spanner/opentelemetry/tracing/spanner_opentelemetry_tracing.go,Go
Compute,Batch,https://github.com/GoogleCloudPlatform/golang-samples/blob/main/spanner/spanner_snippets/spanner/spanner_batch_client_request_priority.go,Go
Databases,Spanner,https://github.com/GoogleCloudPlatform/golang-samples/blob/main/spanner/spanner_snippets/spanner/spanner_read_only_transaction.go,Go
Security,Cloud KMS,https://github.com/GoogleCloudPlatform/golang-samples/blob/main/storage/buckets/remove_bucket_default_kms_key.go,Go
AI and ML,Vertex AI,https://github.com/GoogleCloudPlatform/java-docs-samples/blob/main/aiplatform/src/main/java/aiplatform/CreateDatasetTextSample.java,Java
AI and ML,Vertex AI,https://github.com/GoogleCloudPlatform/java-docs-samples/blob/main/aiplatform/src/main/java/aiplatform/CreateTrainingPipelineTextEntityExtractionSample.java,Java
App development,Cloud Tasks,https://github.com/GoogleCloudPlatform/java-docs-samples/blob/main/appengine-java8/tasks/snippets/src/main/java/com/example/task/DeleteQueue.java,Java
AI and ML,Vertex AI,https://github.com/GoogleCloudPlatform/java-docs-samples/blob/main/automl/src/main/java/beta/automl/DeleteDataset.java,Java
Compute,Batch,https://github.com/GoogleCloudPlatform/java-docs-samples/blob/main/batch/snippets/src/main/java/com/example/batch/CreateBatchUsingServiceAccount.java,Java
Databases,Bigtable,https://github.com/GoogleCloudPlatform/java-docs-samples/blob/main/bigtable/hbase/snippets/src/main/java/com/example/bigtable/Reads.java,Java
Databases,Cloud SQL,https://github.com/GoogleCloudPlatform/java-docs-samples/blob/main/cloud-sql/mysql/client-side-encryption/src/main/java/cloudsql/tink/CloudSqlConnectionPool.java,Java
Databases,Cloud SQL,https://github.com/GoogleCloudPlatform/java-docs-samples/blob/main/cloud-sql/sqlserver/client-side-encryption/src/main/java/cloudsql/tink/CloudSqlConnectionPool.java,Java
AI and ML,DocAI,https://github.com/GoogleCloudPlatform/java-docs-samples/blob/main/content-warehouse/src/main/java/contentwarehouse/v1/UpdateDocument.java,Java
AI and ML,Dialogflow,https://github.com/GoogleCloudPlatform/java-docs-samples/blob/main/dialogflow-cx/src/main/java/dialogflow/cx/DetectIntentSentimentAnalysis.java,Java
Compute,Compute Engine,https://github.com/GoogleCloudPlatform/java-docs-samples/blob/main/functions/v2/label-compute-instance/src/main/java/functions/AutoLabelInstance.java,Java
Industry solutions,Healthcare Data Engine,https://github.com/GoogleCloudPlatform/java-docs-samples/blob/main/healthcare/v1/src/main/java/snippets/healthcare/dicom/DicomStoreExport.java,Java
Industry solutions,Healthcare Data Engine,https://github.com/GoogleCloudPlatform/java-docs-samples/blob/main/healthcare/v1/src/main/java/snippets/healthcare/hl7v2/Hl7v2StoreGetIamPolicy.java,Java
Networking,Media CDN,https://github.com/GoogleCloudPlatform/java-docs-samples/blob/main/media/livestream/src/main/java/com/example/livestream/StartChannel.java,Java
Networking,Media CDN,https://github.com/GoogleCloudPlatform/java-docs-samples/blob/main/media/stitcher/src/main/java/com/example/stitcher/GetVodStitchDetail.java,Java
Security,Security Command Center,https://github.com/GoogleCloudPlatform/java-docs-samples/blob/main/security-command-center/snippets/src/main/java/muteconfig/CreateMuteRule.java,Java
Security,Security Command Center,https://github.com/GoogleCloudPlatform/java-docs-samples/blob/main/security-command-center/snippets/src/main/java/vtwo/muteconfig/DeleteMuteRule.java,Java
Databases,Spanner,https://github.com/GoogleCloudPlatform/java-docs-samples/blob/main/spanner/jdbc/src/main/java/com/example/spanner/jdbc/InsertDataExample.java,Java
Networking,Media CDN,https://github.com/GoogleCloudPlatform/java-docs-samples/blob/main/video/src/main/java/beta/video/StreamingShotChangeDetection.java,Java
Compute,Google Kubernetes Engine (GKE),https://github.com/GoogleCloudPlatform/kubernetes-engine-samples/blob/main/autopilot/networking-tutorial/main.tf,Terraform
App development,Pub/Sub,https://github.com/GoogleCloudPlatform/kubernetes-engine-samples/blob/main/streaming/kafka/terraform/gke-standard/main.tf,Terraform
AI and ML,Vertex AI,https://github.com/GoogleCloudPlatform/nodejs-docs-samples/blob/main/ai-platform/snippets/create-endpoint.js,JavaScript
AI and ML,Vertex AI,https://github.com/GoogleCloudPlatform/nodejs-docs-samples/blob/main/ai-platform/snippets/imagen-edit-image-inpainting-remove-mask.js,JavaScript
Data analytics and pipelines,BigQuery,https://github.com/GoogleCloudPlatform/nodejs-docs-samples/blob/main/asset/snippets/exportAssetsBigquery.js,JavaScript
Compute,Batch,https://github.com/GoogleCloudPlatform/nodejs-docs-samples/blob/main/asset/snippets/getBatchAssetHistory.js,JavaScript
Compute,Compute Engine,https://github.com/GoogleCloudPlatform/nodejs-docs-samples/blob/main/compute/reservations/deleteReservation.js,JavaScript
Security,Sensitive Data Protection,https://github.com/GoogleCloudPlatform/nodejs-docs-samples/blob/main/dlp/inspectImageFileListedInfoTypes.js,JavaScript
Security,Secret Manager,https://github.com/GoogleCloudPlatform/nodejs-docs-samples/blob/main/secret-manager/regional_samples/getRegionalSecret.js,JavaScript
Compute,Cloud Run,https://github.com/GoogleCloudPlatform/php-docs-samples/blob/main/analyticsdata/src/run_report_with_multiple_dimensions.php,PHP
Security,Cloud Asset Inventory,https://github.com/GoogleCloudPlatform/php-docs-samples/blob/main/asset/src/search_all_resources.php,PHP
AI and ML,Dialogflow,https://github.com/GoogleCloudPlatform/php-docs-samples/blob/main/dialogflow/src/session_entity_type_create.php,PHP
Security,Sensitive Data Protection,https://github.com/GoogleCloudPlatform/php-docs-samples/blob/main/dlp/src/deidentify_table_with_multiple_crypto_hash.php,PHP
Networking,Media CDN,https://github.com/GoogleCloudPlatform/php-docs-samples/blob/main/media/livestream/src/update_channel.php,PHP
Compute,Batch,https://github.com/GoogleCloudPlatform/php-docs-samples/blob/main/media/transcoder/src/create_job_from_preset_batch_mode.php,PHP
Industry solutions,Talent Solutions,https://github.com/GoogleCloudPlatform/php-docs-samples/blob/main/media/transcoder/src/list_jobs.php,PHP
Observability and monitoring,Monitoring,https://github.com/GoogleCloudPlatform/php-docs-samples/blob/main/monitoring/quickstart.php,PHP
Observability and monitoring,Monitoring,https://github.com/GoogleCloudPlatform/php-docs-samples/blob/main/monitoring/src/write_timeseries.php,PHP
Security,Identity and Access Management (IAM),https://github.com/GoogleCloudPlatform/php-docs-samples/blob/main/secretmanager/src/regional_iam_grant_access.php,PHP
Databases,Spanner,https://github.com/GoogleCloudPlatform/php-docs-samples/blob/main/spanner/src/admin/archived/create_database_with_version_retention_period.php,PHP
Databases,Spanner,https://github.com/GoogleCloudPlatform/php-docs-samples/blob/main/spanner/src/create_instance_partition.php,PHP
Networking,Media CDN,https://github.com/GoogleCloudPlatform/php-docs-samples/blob/main/video/src/analyze_explicit_content.php,PHP
App development,Pub/Sub,https://github.com/GoogleCloudPlatform/python-docs-samples/blob/main/appengine/flexible/pubsub/main.py,Python
Compute,App Engine,https://github.com/GoogleCloudPlatform/python-docs-samples/blob/main/appengine/standard/images/api/blobstore.py,Python
App development,Cloud Scheduler,https://github.com/GoogleCloudPlatform/python-docs-samples/blob/main/cloud_scheduler/snippets/delete_job.py,Python
Data analytics and pipelines,Cloud Composer,https://github.com/GoogleCloudPlatform/python-docs-samples/blob/main/composer/2022_airflow_summit/data_analytics_dag.py,Python
App development,Pub/Sub,https://github.com/GoogleCloudPlatform/python-docs-samples/blob/main/composer/functions/pubsub_publisher.py,Python
AI and ML,DocAI,https://github.com/GoogleCloudPlatform/python-docs-samples/blob/main/contentwarehouse/snippets/get_document_sample.py,Python
Security,Sensitive Data Protection,https://github.com/GoogleCloudPlatform/python-docs-samples/blob/main/dlp/snippets/Stored_InfoType/inspect_with_stored_infotype.py,Python
Compute,Cloud Functions,https://github.com/GoogleCloudPlatform/python-docs-samples/blob/main/functions/spanner/main.py,Python
AI and ML,Vertex AI,https://github.com/GoogleCloudPlatform/python-docs-samples/blob/main/genai/count_tokens/counttoken_with_txt_vid.py,Python
AI and ML,Vertex AI,https://github.com/GoogleCloudPlatform/python-docs-samples/blob/main/genai/tools/tools_code_exec_with_txt.py,Python
AI and ML,Vertex AI,https://github.com/GoogleCloudPlatform/python-docs-samples/blob/main/generative_ai/extensions/get_example.py,Python
Security,Identity and Access Management (IAM),https://github.com/GoogleCloudPlatform/python-docs-samples/blob/main/iam/cloud-client/snippets/delete_key.py,Python
AI and ML,Natural Language API,https://github.com/GoogleCloudPlatform/python-docs-samples/blob/main/language/snippets/generated-samples/v1/language_sentiment_text.py,Python
App development,Pub/Sub,https://github.com/GoogleCloudPlatform/python-docs-samples/blob/main/managedkafka/snippets/topics/list_topics.py,Python
Security,Secret Manager,https://github.com/GoogleCloudPlatform/python-docs-samples/blob/main/parametermanager/snippets/list_params.py,Python
Networking,Media CDN,https://github.com/GoogleCloudPlatform/python-docs-samples/blob/main/video/transcoder/create_job_with_set_number_images_spritesheet.py,Python
AI and ML,Vertex AI Vision,https://github.com/GoogleCloudPlatform/python-docs-samples/blob/main/vision/snippets/detect/beta_snippets.py,Python
Compute,Google Kubernetes Engine (GKE),https://github.com/GoogleCloudPlatform/training-data-analyst/blob/master/courses/developingapps/nodejs/containerengine/end/backend/gcp/cloudstorage.js,JavaScript
Compute,Cloud Functions,https://github.com/GoogleCloudPlatform/training-data-analyst/blob/master/courses/developingapps/v1.3/nodejs/cloudfunctions/start/server/gcp/cloudstorage.js,JavaScript
Storage,Cloud Storage,https://github.com/googleapis/google-cloud-ruby/blob/main/google-cloud-storage/samples/storage_delete_bucket_notification.rb,Ruby
App development,Pub/Sub,https://github.com/googleapis/google-cloud-ruby/blob/main/google-cloud-storage/samples/storage_print_pubsub_bucket_notification.rb,Ruby
Databases,Firestore,https://github.com/googleapis/java-datastore/blob/main/samples/snippets/src/main/java/com/example/datastore/aggregation/CountAggregationWithOrderBy.java,Java
Databases,Spanner,https://github.com/googleapis/java-spanner/blob/main/samples/snippets/src/main/java/com/example/spanner/AlterSequenceSample.java,Java
Databases,Spanner,https://github.com/googleapis/java-spanner/blob/main/samples/snippets/src/main/java/com/example/spanner/CreateTableWithForeignKeyDeleteCascadeSample.java,Java
Databases,Spanner,https://github.com/googleapis/java-spanner/blob/main/samples/snippets/src/main/java/com/example/spanner/DatabaseAddSplitPointsSample.java,Java
Storage,Cloud Storage,https://github.com/googleapis/java-storage/blob/main/samples/snippets/src/main/java/com/example/storage/transfermanager/AllowParallelCompositeUpload.java,Java
Data analytics and pipelines,BigQuery,https://github.com/googleapis/nodejs-bigquery/blob/main/samples/getRoutine.js,JavaScript
Data analytics and pipelines,BigQuery,https://github.com/googleapis/nodejs-bigquery/blob/main/samples/queryExternalGCSPerm.js,JavaScript
App development,Pub/Sub,https://github.com/googleapis/nodejs-pubsub/blob/main/samples/typescript/modifyPushConfig.ts,JavaScript
Databases,Spanner,https://github.com/googleapis/nodejs-spanner/blob/main/samples/create-instance-without-default-backup-schedules.js,JavaScript
Databases,Spanner,https://github.com/googleapis/nodejs-spanner/blob/main/samples/proto-update-data.js,JavaScript
Storage,Cloud Storage,https://github.com/googleapis/nodejs-storage/blob/main/samples/disableUniformBucketLevelAccess.js,JavaScript
Storage,Cloud Storage,https://github.com/googleapis/nodejs-storage/blob/main/samples/downloadEncryptedFile.js,JavaScript
Storage,Cloud Storage,https://github.com/googleapis/nodejs-storage/blob/main/samples/downloadFileUsingRequesterPays.js,JavaScript
AI and ML,Vertex AI,https://github.com/googleapis/python-aiplatform/blob/main/samples/model-builder/model_registry/create_aliased_model_sample.py,Python
AI and ML,Vertex AI,https://github.com/googleapis/python-aiplatform/blob/main/samples/model-builder/vector_search/vector_search_list_index_sample.py,Python
AI and ML,Vertex AI,https://github.com/googleapis/python-aiplatform/blob/main/samples/snippets/job_service/create_batch_prediction_job_video_classification_sample.py,Python
AI and ML,Vertex AI,https://github.com/googleapis/python-aiplatform/blob/main/samples/snippets/pipeline_service/create_training_pipeline_video_classification_sample.py,Python
Data analytics and pipelines,BigQuery,https://github.com/googleapis/python-bigquery-storage/blob/main/samples/to_dataframe/read_query_results.py,Python
Storage,Cloud Storage,https://github.com/googleapis/python-storage/blob/main/samples/snippets/storage_release_event_based_hold.py,Python
Security,Identity and Access Management (IAM),https://github.com/googleapis/python-storage/blob/main/samples/snippets/storage_remove_bucket_iam_member.py,Python
Storage,Cloud Storage,https://github.com/googleapis/python-storage/blob/main/samples/snippets/storage_set_retention_policy.py,Python
Storage,Backup and DR Service,https://github.com/terraform-google-modules/terraform-docs-samples/blob/main/backupdr/backup_vault/main.tf,Terraform
Compute,Compute Engine,https://github.com/GoogleCloudPlatform/dotnet-docs-samples/blob/main/compute/api/Compute.Samples/ListImagesAsync.cs,C#
Security,Sensitive Data Protection,https://github.com/GoogleCloudPlatform/dotnet-docs-samples/blob/main/dlp/api/Snippets/ReidentifyContentUsingFpe.cs,C#
Networking,Media CDN,https://github.com/GoogleCloudPlatform/dotnet-docs-samples/blob/main/media/transcoder/api/Transcoder.Samples/CreateJobWithPeriodicImagesSpritesheet.cs,C#
App development,Pub/Sub,https://github.com/GoogleCloudPlatform/dotnet-docs-samples/blob/main/pubsub/api/Pubsub.Samples/PublishMessagesAsync.cs,C#
Security,Secret Manager,https://github.com/GoogleCloudPlatform/dotnet-docs-samples/blob/main/secretmanager/api/SecretManager.Samples/ViewRegionalSecretAnnotations.cs,C#
Databases,Spanner,https://github.com/GoogleCloudPlatform/dotnet-docs-samples/blob/main/spanner/api/Spanner.Samples/AddCommitTimestampAsync.cs,C#
AI and ML,Cloud TPU,https://github.com/GoogleCloudPlatform/dotnet-docs-samples/blob/main/storage/api/Storage.Samples/SetPublicAccessPreventionInherited.cs,C#
Storage,Cloud Storage,https://github.com/GoogleCloudPlatform/dotnet-docs-samples/blob/main/storage/api/Storage.Samples/StorageControlCreateManagedFolder.cs,C#
App development,Endpoints,https://github.com/GoogleCloudPlatform/endpoints-samples/blob/master/clients/firebase-android/app/src/main/java/com/google/firebase/quickstart/auth/CustomAuthActivity.java,Java
Security,Identity and Access Management (IAM),https://github.com/GoogleCloudPlatform/getting-started-java/blob/main/bookshelf-standard/4-auth/src/main/java/com/example/getstarted/basicactions/CreateBookServlet.java,Java
Security,Identity and Access Management (IAM),https://github.com/GoogleCloudPlatform/getting-started-java/blob/main/bookshelf-standard/4-auth/src/main/java/com/example/getstarted/basicactions/DeleteBookServlet.java,Java
Observability and monitoring,Logging,https://github.com/GoogleCloudPlatform/getting-started-java/blob/main/bookshelf-standard/5-logging/src/main/java/com/example/getstarted/auth/LogoutFilter.java,Java
Compute,App Engine,https://github.com/GoogleCloudPlatform/golang-samples/blob/main/appengine/go11x/warmup/warmup.go,Go
Security,Identity and Access Management (IAM),https://github.com/GoogleCloudPlatform/golang-samples/blob/main/auth/authenticate_with_api_key.go,Go
Data analytics and pipelines,BigQuery,https://github.com/GoogleCloudPlatform/golang-samples/blob/main/bigquery/snippets/table/bigquery_create_table.go,Go
Compute,Compute Engine,https://github.com/GoogleCloudPlatform/golang-samples/blob/main/compute/disks/create_regional_from_disk.go,Go
Compute,Compute Engine,https://github.com/GoogleCloudPlatform/golang-samples/blob/main/compute/instance-templates/create-instance-templates/create_template_with_subnet.go,Go
Compute,Compute Engine,https://github.com/GoogleCloudPlatform/golang-samples/blob/main/compute/reservations/create_reservation_from_vm.go,Go
Security,Sensitive Data Protection,https://github.com/GoogleCloudPlatform/golang-samples/blob/main/dlp/snippets/deid/reid_text_fpe.go,Go
Security,Cloud KMS,https://github.com/GoogleCloudPlatform/golang-samples/blob/main/kms/get_public_key_jwk.go,Go
Observability and monitoring,Logging,https://github.com/GoogleCloudPlatform/golang-samples/blob/main/logging/list_logs.go,Go
App development,Pub/Sub,https://github.com/GoogleCloudPlatform/golang-samples/blob/main/managedkafka/consumergroups/list_consumergroups.go,Go
App development,Pub/Sub,https://github.com/GoogleCloudPlatform/golang-samples/blob/main/pubsub/pubsub_quickstart/main.go,Go
App development,Pub/Sub,https://github.com/GoogleCloudPlatform/golang-samples/blob/main/pubsub/schemas/list_schemas.go,Go
App development,Pub/Sub,https://github.com/GoogleCloudPlatform/golang-samples/blob/main/pubsub/subscriptions/dead_letter_delivery_attempt.go,Go
App development,Pub/Sub,https://github.com/GoogleCloudPlatform/golang-samples/blob/main/pubsublite/admin/create_reservation.go,Go
Security,Secret Manager,https://github.com/GoogleCloudPlatform/golang-samples/blob/main/secretmanager/regional_samples/delete_regional_secret_with_etag.go,Go
Databases,Spanner,https://github.com/GoogleCloudPlatform/golang-samples/blob/main/spanner/spanner_snippets/spanner/pg_spanner_case_sensitivity.go,Go
Databases,Spanner,https://github.com/GoogleCloudPlatform/golang-samples/blob/main/spanner/spanner_snippets/spanner/spanner_query_request_priority.go,Go
Databases,Spanner,https://github.com/GoogleCloudPlatform/golang-samples/blob/main/spanner/spanner_snippets/spanner/spanner_read_data_with_index.go,Go
Storage,Cloud Storage,https://github.com/GoogleCloudPlatform/golang-samples/blob/main/storage/grpc_quickstart/main.go,Go
AI and ML,Vertex AI,https://github.com/GoogleCloudPlatform/golang-samples/blob/main/vertexai/embeddings/generate_for_image_text_and_video.go,Go
AI and ML,Vertex AI,https://github.com/GoogleCloudPlatform/golang-samples/blob/main/vertexai/evaluation/pairwise_evaluation.go,Go
AI and ML,Vertex AI,https://github.com/GoogleCloudPlatform/java-docs-samples/blob/main/aiplatform/src/main/java/aiplatform/PredictTextExtractionSample.java,Java
Compute,App Engine,https://github.com/GoogleCloudPlatform/java-docs-samples/blob/main/appengine-java8/datastore-indexes/src/main/java/com/example/appengine/IndexesServlet.java,Java
Databases,Cloud SQL,https://github.com/GoogleCloudPlatform/java-docs-samples/blob/main/cloud-sql/postgres/client-side-encryption/src/main/java/cloudsql/tink/QueryAndDecryptData.java,Java
Compute,Compute Engine,https://github.com/GoogleCloudPlatform/java-docs-samples/blob/main/compute/cloud-client/src/main/java/compute/ListAllInstances.java,Java
Data analytics and pipelines,Dataplex,https://github.com/GoogleCloudPlatform/java-docs-samples/blob/main/datacatalog/snippets/src/main/java/com/example/datacatalog/UpdateEntryGroup.java,Java
Industry solutions,Talent Solutions,https://github.com/GoogleCloudPlatform/java-docs-samples/blob/main/jobs/v3/src/main/java/com/google/samples/LocationSearchSample.java,Java
Security,Cloud KMS,https://github.com/GoogleCloudPlatform/java-docs-samples/blob/main/kms/src/main/java/kms/CreateKeyRotationSchedule.java,Java
Networking,Cloud CDN,https://github.com/GoogleCloudPlatform/java-docs-samples/blob/main/media/stitcher/src/main/java/com/example/stitcher/CreateCdnKey.java,Java
Security,Security Command Center,https://github.com/GoogleCloudPlatform/java-docs-samples/blob/main/security-command-center/snippets/src/main/java/vtwo/notifications/CreateNotification.java,Java
App development,Workflows,https://github.com/GoogleCloudPlatform/java-docs-samples/blob/main/workflows/cloud-client/src/main/java/com/example/workflows/WorkflowsQuickstart.java,Java
Networking,Cloud CDN,https://github.com/GoogleCloudPlatform/networking-tools-python/blob/main/tools/ed25519_keygen/ed25519_keygen.py,Python
AI and ML,Vertex AI,https://github.com/GoogleCloudPlatform/nodejs-docs-samples/blob/main/ai-platform/snippets/search-features-sample.js,JavaScript
App development,Cloud Build,https://github.com/GoogleCloudPlatform/nodejs-docs-samples/blob/main/cloudbuild/listBuildTriggers.js,JavaScript
Compute,Compute Engine,https://github.com/GoogleCloudPlatform/nodejs-docs-samples/blob/main/compute/reservations/getReservation.js,JavaScript
AI and ML,Dialogflow,https://github.com/GoogleCloudPlatform/nodejs-docs-samples/blob/main/dialogflow-cx/delete-page.js,JavaScript
Security,Sensitive Data Protection,https://github.com/GoogleCloudPlatform/nodejs-docs-samples/blob/main/dlp/inspectImageFile.js,JavaScript
Security,Sensitive Data Protection,https://github.com/GoogleCloudPlatform/nodejs-docs-samples/blob/main/dlp/inspectString.js,JavaScript
Compute,Cloud Functions,https://github.com/GoogleCloudPlatform/nodejs-docs-samples/blob/main/functions/concepts/stateless/index.js,JavaScript
Compute,Cloud Functions,https://github.com/GoogleCloudPlatform/nodejs-docs-samples/blob/main/functions/helloworld/helloworldHttp/test/sample.system.http.test.js,JavaScript
App development,Pub/Sub,https://github.com/GoogleCloudPlatform/nodejs-docs-samples/blob/main/functions/v2/helloPubSub/index.js,JavaScript
AI and ML,Vertex AI,https://github.com/GoogleCloudPlatform/nodejs-docs-samples/blob/main/genai/image-generation/imggen-mmflash-with-txt.js,JavaScript
Industry solutions,Healthcare Data Engine,https://github.com/GoogleCloudPlatform/nodejs-docs-samples/blob/main/healthcare/dicom/getDicomStoreIamPolicy.js,JavaScript
Networking,Cloud CDN,https://github.com/GoogleCloudPlatform/nodejs-docs-samples/blob/main/media/video-stitcher/createCdnKeyAkamai.js,JavaScript
AI and ML,Translation,https://github.com/GoogleCloudPlatform/nodejs-docs-samples/blob/main/mediatranslation/translate_from_mic.js,JavaScript
Security,Model Armor,https://github.com/GoogleCloudPlatform/nodejs-docs-samples/blob/main/model-armor/snippets/updateTemplateLabels.js,JavaScript
App development,Cloud Scheduler,https://github.com/GoogleCloudPlatform/nodejs-docs-samples/blob/main/scheduler/createJob.js,JavaScript
Security,Secret Manager,https://github.com/GoogleCloudPlatform/nodejs-docs-samples/blob/main/secret-manager/createSecret.js,JavaScript
Security,Secret Manager,https://github.com/GoogleCloudPlatform/nodejs-docs-samples/blob/main/secret-manager/destroySecretVersion.js,JavaScript
Security,Security Command Center,https://github.com/GoogleCloudPlatform/nodejs-docs-samples/blob/main/security-center/snippets/v2/updateNotificationConfig.js,JavaScript
Compute,App Engine,https://github.com/GoogleCloudPlatform/php-docs-samples/blob/main/appengine/flexible/datastore/app.php,PHP
Data analytics and pipelines,BigQuery,https://github.com/GoogleCloudPlatform/php-docs-samples/blob/main/bigquery/api/src/delete_table.php,PHP
Databases,Firestore,https://github.com/GoogleCloudPlatform/php-docs-samples/blob/main/firestore/src/query_filter_array_contains.php,PHP
Networking,Media CDN,https://github.com/GoogleCloudPlatform/php-docs-samples/blob/main/media/videostitcher/src/get_vod_stitch_detail.php,PHP
Networking,Media CDN,https://github.com/GoogleCloudPlatform/php-docs-samples/blob/main/media/videostitcher/src/update_slate.php,PHP
Security,Cloud KMS,https://github.com/GoogleCloudPlatform/php-docs-samples/blob/main/parametermanager/src/create_param_with_kms_key.php,PHP
Security,Secret Manager,https://github.com/GoogleCloudPlatform/php-docs-samples/blob/main/parametermanager/src/create_structured_param.php,PHP
App development,Pub/Sub,https://github.com/GoogleCloudPlatform/php-docs-samples/blob/main/pubsub/api/src/create_topic.php,PHP
Compute,Cloud Run,https://github.com/GoogleCloudPlatform/php-docs-samples/blob/main/run/helloworld/index.php,PHP
Databases,Spanner,https://github.com/GoogleCloudPlatform/php-docs-samples/blob/main/spanner/src/add_column.php,PHP
Databases,Spanner,https://github.com/GoogleCloudPlatform/php-docs-samples/blob/main/spanner/src/add_timestamp_column.php,PHP
Databases,Spanner,https://github.com/GoogleCloudPlatform/php-docs-samples/blob/main/spanner/src/query_data_with_timestamp_column.php,PHP
Databases,Spanner,https://github.com/GoogleCloudPlatform/php-docs-samples/blob/main/spanner/src/write_read_with_dml.php,PHP
Storage,Cloud Storage,https://github.com/GoogleCloudPlatform/php-docs-samples/blob/main/storage/src/list_hmac_keys.php,PHP
Storage,Cloud Storage,https://github.com/GoogleCloudPlatform/php-docs-samples/blob/main/storage/src/upload_object_v4_signed_url.php,PHP
AI and ML,Speech-to-Text,https://github.com/GoogleCloudPlatform/php-docs-samples/blob/main/texttospeech/src/synthesize_text.php,PHP
Compute,App Engine,https://github.com/GoogleCloudPlatform/python-docs-samples/blob/main/appengine/standard/ndb/async/shopping_cart.py,Python
App development,Pub/Sub,https://github.com/GoogleCloudPlatform/python-docs-samples/blob/main/appengine/standard_python3/pubsub/main.py,Python
AI and ML,Vertex AI,https://github.com/GoogleCloudPlatform/python-docs-samples/blob/main/automl/snippets/vision_object_detection_create_dataset.py,Python
Compute,Compute Engine,https://github.com/GoogleCloudPlatform/python-docs-samples/blob/main/compute/client_library/snippets/instances/ip_address/get_vm_address.py,Python
AI and ML,Vertex AI,https://github.com/GoogleCloudPlatform/python-docs-samples/blob/main/genai/image_generation/imggen_product_background_mask_with_txt_img.py,Python
AI and ML,Vertex AI,https://github.com/GoogleCloudPlatform/python-docs-samples/blob/main/generative_ai/model_tuning/pretrained_textgen_example.py,Python
Security,Identity and Access Management (IAM),https://github.com/GoogleCloudPlatform/python-docs-samples/blob/main/iam/cloud-client/snippets/get_deny_policy.py,Python
AI and ML,Speech-to-Text,https://github.com/GoogleCloudPlatform/python-docs-samples/blob/main/speech/snippets/adaptation_v2_custom_class_reference.py,Python
Storage,Storage Transfer Service,https://github.com/GoogleCloudPlatform/python-docs-samples/blob/main/storagetransfer/aws_request.py,Python
Compute,VMware Engine,https://github.com/GoogleCloudPlatform/python-docs-samples/blob/main/vmwareengine/cloud-client/delete_legacy_network.py,Python
Databases,Cloud SQL,https://github.com/GoogleCloudPlatform/ruby-docs-samples/blob/main/appengine/rails-cloudsql-mysql/config/routes.rb,Ruby
Compute,Google Kubernetes Engine (GKE),https://github.com/GoogleCloudPlatform/training-data-analyst/blob/master/courses/developingapps/v1.2/nodejs/containerengine/bonus/frontend/gcp/datastore.js,JavaScript
App development,Cloud Debugger,https://github.com/GoogleCloudPlatform/training-data-analyst/blob/master/courses/developingapps/v1.2/nodejs/stackdriver-debug-errorreporting/start/quiz-app/gcp/cloudstorage.js,JavaScript
Observability and monitoring,Profiler,https://github.com/googleapis/cloud-profiler-nodejs/blob/main/samples/app.js,JavaScript
AI and ML,Cloud TPU,https://github.com/googleapis/gapic-generator-ruby/blob/main/shared/output/cloud/speech_v1/snippets/adaptation/create_custom_class_basic.rb,Ruby
Security,Cloud Asset Inventory,https://github.com/googleapis/google-cloud-ruby/blob/main/google-cloud-asset/samples/quickstart.rb,Ruby
Databases,Firestore,https://github.com/googleapis/google-cloud-ruby/blob/main/google-cloud-firestore/samples/add_data.rb,Ruby
Databases,Firestore,https://github.com/googleapis/google-cloud-ruby/blob/main/google-cloud-firestore/samples/paginate_data.rb,Ruby
Observability and monitoring,Logging,https://github.com/googleapis/google-cloud-ruby/blob/main/google-cloud-logging/samples/quickstart.rb,Ruby
Security,Secret Manager,https://github.com/googleapis/google-cloud-ruby/blob/main/google-cloud-parameter_manager/samples/get_regional_param_version.rb,Ruby
Storage,Cloud Storage,https://github.com/googleapis/google-cloud-ruby/blob/main/google-cloud-storage/samples/storage_disable_requester_pays.rb,Ruby
Storage,Cloud Storage,https://github.com/googleapis/google-cloud-ruby/blob/main/google-cloud-storage/samples/storage_download_file_into_memory.rb,Ruby
Storage,Cloud Storage,https://github.com/googleapis/google-cloud-ruby/blob/main/google-cloud-storage/samples/storage_set_object_retention_policy.rb,Ruby
Networking,Media CDN,https://github.com/googleapis/google-cloud-ruby/blob/main/google-cloud-video-stitcher/samples/list_slates.rb,Ruby
Databases,Firestore,https://github.com/googleapis/java-datastore/blob/main/samples/snippets/src/main/java/com/example/datastore/aggregation/AvgAggregationWithLimit.java,Java
Storage,Cloud Storage,https://github.com/googleapis/java-storage/blob/main/samples/snippets/src/main/java/com/example/storage/control/v2/AnywhereCacheList.java,Java
Storage,Cloud Storage,https://github.com/googleapis/java-storage/blob/main/samples/snippets/src/main/java/com/example/storage/transfermanager/AllowDivideAndConquerDownload.java,Java
App development,Pub/Sub,https://github.com/googleapis/nodejs-pubsub/blob/main/samples/typescript/commitProtoSchema.ts,JavaScript
App development,Pub/Sub,https://github.com/googleapis/nodejs-pubsub/blob/main/samples/updateTopicIngestionType.js,JavaScript
Data analytics and pipelines,BigQuery,https://github.com/googleapis/python-bigquery/blob/main/samples/snippets/label_job.py,Python
Data analytics and pipelines,BigQuery,https://github.com/googleapis/python-bigquery/blob/main/samples/snippets/natality_tutorial.py,Python
Databases,Spanner,https://github.com/googleapis/python-spanner/blob/main/samples/samples/backup_schedule_samples.py,Python
Databases,Spanner,https://github.com/googleapis/python-spanner/blob/main/samples/samples/snippets.py,Python
Storage,Cloud Storage,https://github.com/googleapis/python-storage/blob/main/samples/snippets/storage_generate_signed_url_v2.py,Python
Databases,Cloud SQL,https://github.com/terraform-google-modules/terraform-docs-samples/blob/main/cloud_sql/instance_ha/main.tf,Terraform
Compute,Google Kubernetes Engine (GKE),https://github.com/terraform-google-modules/terraform-docs-samples/blob/main/gke/standard/zonal/dws/main.tf,Terraform
Compute,Cloud Run,https://github.com/terraform-google-modules/terraform-docs-samples/blob/main/run/healthchecks_liveness_probe_http/main.tf,Terraform
Compute,Anthos,https://github.com/GoogleCloudPlatform/anthos-samples/blob/main/anthos-bm-openstack-terraform/variables.tf,Terraform
Security,Sensitive Data Protection,https://github.com/GoogleCloudPlatform/dotnet-docs-samples/blob/main/dlp/api/Snippets/DeidentifyWithTimeExtraction.cs,C#
Security,Sensitive Data Protection,https://github.com/GoogleCloudPlatform/dotnet-docs-samples/blob/main/dlp/api/Snippets/InspectGoogleCloudStorage.cs,C#
Security,Identity-Aware Proxy (IAP),https://github.com/GoogleCloudPlatform/dotnet-docs-samples/blob/main/identity-aware-proxy/IAPClient/IAPClient.cs,C#
Security,Cloud KMS,https://github.com/GoogleCloudPlatform/dotnet-docs-samples/blob/main/kms/api/Kms.Samples/CreateKeyMac.cs,C#
App development,Pub/Sub,https://github.com/GoogleCloudPlatform/dotnet-docs-samples/blob/main/pubsub/api/Pubsub.Samples/CreateTopicWithKinesisIngestion.cs,C#
App development,Pub/Sub,https://github.com/GoogleCloudPlatform/dotnet-docs-samples/blob/main/pubsub/api/Pubsub.Samples/RollbackSchema.cs,C#
Security,Secret Manager,https://github.com/GoogleCloudPlatform/dotnet-docs-samples/blob/main/secretmanager/api/SecretManager.Samples/DeleteRegionalSecretWithEtag.cs,C#
Databases,Spanner,https://github.com/GoogleCloudPlatform/dotnet-docs-samples/blob/main/spanner/api/Spanner.Samples/QuerySampleDataAsync.cs,C#
Compute,App Engine,https://github.com/GoogleCloudPlatform/getting-started-java/blob/main/appengine-standard-java8/helloworld-gae-javasdk-tools/src/test/java/com/example/appengine/java8/HelloAppEngineTest.java,Java
Observability and monitoring,Logging,https://github.com/GoogleCloudPlatform/getting-started-java/blob/main/bookshelf-standard/5-logging/src/main/java/com/example/getstarted/basicactions/CreateBookServlet.java,Java
Other,Python,https://github.com/GoogleCloudPlatform/getting-started-python/blob/main/background/function/main.py,Python
Compute,Batch,https://github.com/GoogleCloudPlatform/golang-samples/blob/main/asset/quickstart/batch-get-assets-history/main.go,Go
AI and ML,Vertex AI,https://github.com/GoogleCloudPlatform/golang-samples/blob/main/automl/model_undeploy.go,Go
Data analytics and pipelines,BigQuery,https://github.com/GoogleCloudPlatform/golang-samples/blob/main/bigquery/snippets/job/bigquery_get_job.go,Go
Data analytics and pipelines,BigQuery,https://github.com/GoogleCloudPlatform/golang-samples/blob/main/bigquery/snippets/loadingdata/bigquery_load_table_gcs_csv.go,Go
Data analytics and pipelines,BigQuery,https://github.com/GoogleCloudPlatform/golang-samples/blob/main/bigquery/snippets/routine/bigquery_update_routine.go,Go
Compute,Compute Engine,https://github.com/GoogleCloudPlatform/golang-samples/blob/main/compute/disks/create_hyperdisk_from_pool.go,Go
Compute,Compute Engine,https://github.com/GoogleCloudPlatform/golang-samples/blob/main/compute/instances/create-manage-windows-instances/create_firewall_rule_for_windows_activation_host.go,Go
Compute,Compute Engine,https://github.com/GoogleCloudPlatform/golang-samples/blob/main/compute/instances/suspend-resume/suspend.go,Go
Databases,Firestore,https://github.com/GoogleCloudPlatform/golang-samples/blob/main/firestore/save_data_set_id_specified.go,Go
Industry solutions,Talent Solutions,https://github.com/GoogleCloudPlatform/golang-samples/blob/main/jobs/v3/howto/commute_search_sample.go,Go
Security,Cloud KMS,https://github.com/GoogleCloudPlatform/golang-samples/blob/main/kms/update_key_remove_labels.go,Go
Security,Secret Manager,https://github.com/GoogleCloudPlatform/golang-samples/blob/main/secretmanager/delete_secret.go,Go
Security,Security Command Center,https://github.com/GoogleCloudPlatform/golang-samples/blob/main/securitycenter/findings/create_source.go,Go
Security,Security Command Center,https://github.com/GoogleCloudPlatform/golang-samples/blob/main/securitycenter/management_api/list_effective_security_health_analytics_custom_module.go,Go
Security,Cloud Asset Inventory,https://github.com/GoogleCloudPlatform/golang-samples/blob/main/securitycenter/settings/enable_asset_discovery.go,Go
Databases,Spanner,https://github.com/GoogleCloudPlatform/golang-samples/blob/main/spanner/spanner_snippets/spanner/spanner_create_index.go,Go
Compute,Batch,https://github.com/GoogleCloudPlatform/golang-samples/blob/main/spanner/spanner_snippets/spanner/spanner_dml_batch_update_request_priority.go,Go
Storage,Cloud Storage,https://github.com/GoogleCloudPlatform/golang-samples/blob/main/storage/acl/add_file_owner.go,Go
Storage,Cloud Storage,https://github.com/GoogleCloudPlatform/golang-samples/blob/main/storage/buckets/add_bucket_label.go,Go
AI and ML,Vertex AI,https://github.com/GoogleCloudPlatform/golang-samples/blob/main/vertexai/stream-multimodality-basic/streammultimodalitybasic.go,Go
App development,Workflows,https://github.com/GoogleCloudPlatform/golang-samples/blob/main/workflows/executions/execute_workflow_with_arguments.go,Go
Compute,App Engine,https://github.com/GoogleCloudPlatform/java-docs-samples/blob/main/appengine-java11/guestbook-cloud-firestore/src/main/java/com/example/guestbook/Guestbook.java,Java
Databases,Cloud SQL,https://github.com/GoogleCloudPlatform/java-docs-samples/blob/main/cloud-sql/mysql/client-side-encryption/src/main/java/cloudsql/tink/EncryptAndInsertData.java,Java
Compute,Compute Engine,https://github.com/GoogleCloudPlatform/java-docs-samples/blob/main/compute/cloud-client/src/main/java/compute/disks/AttachDisk.java,Java
Compute,Compute Engine,https://github.com/GoogleCloudPlatform/java-docs-samples/blob/main/compute/cloud-client/src/main/java/compute/disks/consistencygroup/CreateConsistencyGroup.java,Java
App development,Artifact Analysis,https://github.com/GoogleCloudPlatform/java-docs-samples/blob/main/container-registry/container-analysis/src/main/java/com/example/containeranalysis/GetNote.java,Java
Industry solutions,Healthcare Data Engine,https://github.com/GoogleCloudPlatform/java-docs-samples/blob/main/healthcare/v1/src/main/java/snippets/healthcare/fhir/FhirStoreGetIamPolicy.java,Java
Networking,Cloud CDN,https://github.com/GoogleCloudPlatform/java-docs-samples/blob/main/media/stitcher/src/main/java/com/example/stitcher/GetCdnKey.java,Java
Networking,Media CDN,https://github.com/GoogleCloudPlatform/java-docs-samples/blob/main/media/transcoder/src/main/java/com/example/transcoder/DeleteJob.java,Java
Security,reCAPTCHA,https://github.com/GoogleCloudPlatform/java-docs-samples/blob/main/recaptcha_enterprise/snippets/src/main/java/recaptcha/DeleteSiteKey.java,Java
Compute,Cloud Run,https://github.com/GoogleCloudPlatform/java-docs-samples/blob/main/run/idp-sql/src/main/java/com/example/cloudrun/VoteController.java,Java
App development,Pub/Sub,https://github.com/GoogleCloudPlatform/java-docs-samples/blob/main/run/image-processing/src/main/java/com/example/cloudrun/PubSubController.java,Java
Security,Security Command Center,https://github.com/GoogleCloudPlatform/java-docs-samples/blob/main/security-command-center/snippets/src/main/java/vtwo/marks/DeleteAndUpdateMarks.java,Java
Databases,Spanner,https://github.com/GoogleCloudPlatform/java-docs-samples/blob/main/spanner/opencensus/src/main/java/com/example/spanner/opencensus/CaptureQueryStatsMetric.java,Java
AI and ML,Speech-to-Text,https://github.com/GoogleCloudPlatform/java-docs-samples/blob/main/texttospeech/beta/src/main/java/com/example/texttospeech/QuickstartSample.java,Java
Compute,Google Kubernetes Engine (GKE),https://github.com/GoogleCloudPlatform/kubernetes-engine-samples/blob/main/databases/redis-spotahome/terraform/modules/cluster-autopilot/main.tf,Terraform
AI and ML,Natural Language API,https://github.com/GoogleCloudPlatform/kubernetes-engine-samples/blob/main/quickstarts/languages/dotnet/Program.cs,C#
AI and ML,Vertex AI,https://github.com/GoogleCloudPlatform/nodejs-docs-samples/blob/main/ai-platform/snippets/imagen-get-short-form-image-responses.js,JavaScript
AI and ML,Vertex AI,https://github.com/GoogleCloudPlatform/nodejs-docs-samples/blob/main/ai-platform/snippets/upload-model.js,JavaScript
AI and ML,Vertex AI,https://github.com/GoogleCloudPlatform/nodejs-docs-samples/blob/main/automl/beta/get-operation-status.js,JavaScript
Compute,Compute Engine,https://github.com/GoogleCloudPlatform/nodejs-docs-samples/blob/main/compute/instances/preventing-accidental-vm-deletion/setDeleteProtection.js,JavaScript
AI and ML,Contact Center AI,https://github.com/GoogleCloudPlatform/nodejs-docs-samples/blob/main/contact-center-insights/setProjectTtl.js,JavaScript
Security,Sensitive Data Protection,https://github.com/GoogleCloudPlatform/nodejs-docs-samples/blob/main/dlp/reidentifyWithDeterministic.js,JavaScript
App development,Endpoints,https://github.com/GoogleCloudPlatform/nodejs-docs-samples/blob/main/endpoints/getting-started/app.js,JavaScript
Industry solutions,Healthcare Data Engine,https://github.com/GoogleCloudPlatform/nodejs-docs-samples/blob/main/healthcare/fhir/getFhirResourceHistory.js,JavaScript
Industry solutions,Healthcare Data Engine,https://github.com/GoogleCloudPlatform/nodejs-docs-samples/blob/main/healthcare/fhir/updateFhirResource.js,JavaScript
Security,Cloud KMS,https://github.com/GoogleCloudPlatform/nodejs-docs-samples/blob/main/kms/updateKeyUpdateLabels.js,JavaScript
Security,Secret Manager,https://github.com/GoogleCloudPlatform/nodejs-docs-samples/blob/main/secret-manager/createUpdateSecretLabel.js,JavaScript
Security,Secret Manager,https://github.com/GoogleCloudPlatform/nodejs-docs-samples/blob/main/secret-manager/regional_samples/createRegionalSecretWithAnnotations.js,JavaScript
Security,Security Command Center,https://github.com/GoogleCloudPlatform/nodejs-docs-samples/blob/main/security-center/snippets/v2/receiveNotifications.js,JavaScript
AI and ML,Speech-to-Text,https://github.com/GoogleCloudPlatform/nodejs-docs-samples/blob/main/speech/betaFeatures.js,JavaScript
Storage,Storage Transfer Service,https://github.com/GoogleCloudPlatform/nodejs-docs-samples/blob/main/storagetransfer/manifest-request.js,JavaScript
AI and ML,Vertex AI Vision,https://github.com/GoogleCloudPlatform/nodejs-docs-samples/blob/main/vision/productSearch/getSimilarProductsGcs.js,JavaScript
Data analytics and pipelines,BigQuery,https://github.com/GoogleCloudPlatform/php-docs-samples/blob/main/bigquery/api/src/extract_table.php,PHP
Databases,Bigtable,https://github.com/GoogleCloudPlatform/php-docs-samples/blob/main/bigtable/src/delete_app_profile.php,PHP
Databases,Firestore,https://github.com/GoogleCloudPlatform/php-docs-samples/blob/main/datastore/api/src/ascending_sort.php,PHP
Databases,Firestore,https://github.com/GoogleCloudPlatform/php-docs-samples/blob/main/firestore/src/data_set_doc_upsert.php,PHP
Databases,Firestore,https://github.com/GoogleCloudPlatform/php-docs-samples/blob/main/firestore/src/data_set_field.php,PHP
Security,Secret Manager,https://github.com/GoogleCloudPlatform/php-docs-samples/blob/main/parametermanager/src/get_regional_param_version.php,PHP
Databases,Spanner,https://github.com/GoogleCloudPlatform/php-docs-samples/blob/main/spanner/src/admin/archived/pg_order_nulls.php,PHP
Storage,Cloud Storage,https://github.com/GoogleCloudPlatform/php-docs-samples/blob/main/storage/src/list_objects_with_prefix.php,PHP
Data analytics and pipelines,Cloud Composer,https://github.com/GoogleCloudPlatform/python-docs-samples/blob/main/composer/airflow_1_samples/airflow_db_cleanup.py,Python
Data analytics and pipelines,Cloud Composer,https://github.com/GoogleCloudPlatform/python-docs-samples/blob/main/composer/airflow_1_samples/relationship_child.py,Python
Compute,Compute Engine,https://github.com/GoogleCloudPlatform/python-docs-samples/blob/main/compute/client_library/snippets/instances/custom_machine_types/create_without_helper.py,Python
Compute,Compute Engine,https://github.com/GoogleCloudPlatform/python-docs-samples/blob/main/compute/client_library/snippets/instances/start.py,Python
Compute,Compute Engine,https://github.com/GoogleCloudPlatform/python-docs-samples/blob/main/compute/client_library/snippets/instances/stop.py,Python
Compute,Compute Engine,https://github.com/GoogleCloudPlatform/python-docs-samples/blob/main/compute/client_library/snippets/snapshots/schedule_update.py,Python
AI and ML,DocAI,https://github.com/GoogleCloudPlatform/python-docs-samples/blob/main/contentwarehouse/snippets/create_document_sample.py,Python
AI and ML,DocAI,https://github.com/GoogleCloudPlatform/python-docs-samples/blob/main/contentwarehouse/snippets/fetch_acl_sample.py,Python
Security,Sensitive Data Protection,https://github.com/GoogleCloudPlatform/python-docs-samples/blob/main/dlp/snippets/Custom_Infotype/inspect_string_omit_overlap.py,Python
Security,Sensitive Data Protection,https://github.com/GoogleCloudPlatform/python-docs-samples/blob/main/dlp/snippets/Deidentify/deidentify_fpe.py,Python
Security,Sensitive Data Protection,https://github.com/GoogleCloudPlatform/python-docs-samples/blob/main/dlp/snippets/Inspect/inspect_send_data_to_hybrid_job_trigger.py,Python
Compute,Cloud Functions,https://github.com/GoogleCloudPlatform/python-docs-samples/blob/main/functions/bigtable/main.py,Python
AI and ML,Vertex AI,https://github.com/GoogleCloudPlatform/python-docs-samples/blob/main/genai/tuning/tuning_with_checkpoints_list_checkpoints.py,Python
Industry solutions,Talent Solutions,https://github.com/GoogleCloudPlatform/python-docs-samples/blob/main/jobs/v3/api_client/commute_search_sample.py,Python
Security,Cloud KMS,https://github.com/GoogleCloudPlatform/python-docs-samples/blob/main/kms/snippets/update_key_update_labels.py,Python
Compute,Cloud Run,https://github.com/GoogleCloudPlatform/python-docs-samples/blob/main/run/hello-broken/main.py,Python
Compute,Cloud Run,https://github.com/GoogleCloudPlatform/python-docs-samples/blob/main/run/markdown-preview/editor/main.py,Python
Compute,Cloud Run,https://github.com/GoogleCloudPlatform/python-docs-samples/blob/main/run/system-package/main.py,Python
Compute,Batch,https://github.com/GoogleCloudPlatform/python-docs-samples/blob/main/talent/job_search_batch_update_jobs.py,Python
AI and ML,Translation,https://github.com/GoogleCloudPlatform/python-docs-samples/blob/main/translate/samples/snippets/translate_v3_batch_translate_text_with_glossary.py,Python
Networking,Media CDN,https://github.com/GoogleCloudPlatform/python-docs-samples/blob/main/video/live-stream/get_channel.py,Python
Compute,App Engine,https://github.com/GoogleCloudPlatform/ruby-docs-samples/blob/main/appengine/flexible/ruby31-and-earlier/datastore/app.rb,Ruby
Databases,Cloud SQL,https://github.com/GoogleCloudPlatform/ruby-docs-samples/blob/main/cloud-sql/postgres/activerecord/app/controllers/votes_controller.rb,Ruby
Databases,Spanner,https://github.com/GoogleCloudPlatform/ruby-docs-samples/blob/main/spanner/spanner_postgresql_partitioned_dml.rb,Ruby
App development,Pub/Sub,https://github.com/GoogleCloudPlatform/training-data-analyst/blob/master/courses/developingapps/nodejs/cloudendpoints/start/endpoint/quiz-api/gcp/pubsub.js,JavaScript
AI and ML,Natural Language API,https://github.com/GoogleCloudPlatform/training-data-analyst/blob/master/courses/developingapps/nodejs/pubsub-languageapi-spanner/bonus/server/gcp/pubsub.js,JavaScript
App development,Endpoints,https://github.com/GoogleCloudPlatform/training-data-analyst/blob/master/courses/developingapps/v1.3/nodejs/cloudendpoints/end/server/gcp/datastore.js,JavaScript
App development,Cloud Debugger,https://github.com/GoogleCloudPlatform/training-data-analyst/blob/master/courses/developingapps/v1.3/nodejs/stackdriver-debug-errorreporting/bonus/quiz-app/gcp/cloudstorage.js,JavaScript
Security,Secret Manager,https://github.com/googleapis/google-cloud-ruby/blob/main/google-cloud-parameter_manager/samples/delete_regional_param_version.rb,Ruby
App development,Pub/Sub,https://github.com/googleapis/google-cloud-ruby/blob/main/google-cloud-pubsub/samples/pubsub_create_pull_subscription.rb,Ruby
Data analytics and pipelines,BigQuery,https://github.com/googleapis/java-bigquery/blob/main/samples/snippets/src/main/java/com/example/bigquery/CreateTableWithoutSchema.java,Java
Data analytics and pipelines,BigQuery,https://github.com/googleapis/java-bigquery/blob/main/samples/snippets/src/main/java/com/example/bigquery/QueryWithTimestampParameters.java,Java
Databases,Firestore,https://github.com/googleapis/java-datastore/blob/main/samples/snippets/src/main/java/com/example/datastore/aggregation/CountAggregationWithLimit.java,Java
App development,Pub/Sub,https://github.com/googleapis/java-pubsublite/blob/main/samples/snippets/src/main/java/pubsublite/ListReservationsExample.java,Java
Storage,Cloud Storage,https://github.com/googleapis/java-storage/blob/main/samples/snippets/src/main/java/com/example/storage/object/SetTemporaryHold.java,Java
Data analytics and pipelines,BigQuery,https://github.com/googleapis/nodejs-bigquery/blob/main/samples/queryDisableCache.js,JavaScript
Data analytics and pipelines,BigQuery,https://github.com/googleapis/nodejs-bigquery/blob/main/samples/removeTableClustering.js,JavaScript
App development,Cloud Tasks,https://github.com/googleapis/nodejs-datastore/blob/main/samples/tasks.add.js,JavaScript
Databases,Spanner,https://github.com/googleapis/nodejs-spanner/blob/main/samples/archived/pg-sequence-create.js,JavaScript
Storage,Cloud Storage,https://github.com/googleapis/nodejs-storage/blob/main/samples/changeFileCSEKToCMEK.js,JavaScript
Storage,Cloud Storage,https://github.com/googleapis/nodejs-storage/blob/main/samples/generateV4UploadSignedUrl.js,JavaScript
AI and ML,Vertex AI,https://github.com/googleapis/python-aiplatform/blob/main/samples/model-builder/create_hyperparameter_tuning_job_sample.py,Python
AI and ML,Vertex AI,https://github.com/googleapis/python-aiplatform/blob/main/samples/model-builder/experiment_tracking/autologging_with_auto_run_creation_sample.py,Python
AI and ML,Vertex AI,https://github.com/googleapis/python-aiplatform/blob/main/samples/model-builder/experiment_tracking/get_artifact_with_uri_sample.py,Python
AI and ML,Vertex AI,https://github.com/googleapis/python-aiplatform/blob/main/samples/snippets/job_service/create_batch_prediction_job_sample.py,Python
Data analytics and pipelines,BigQuery,https://github.com/googleapis/python-bigquery-dataframes/blob/main/samples/polars/create_polars_df_with_to_arrow_test.py,Python
Data analytics and pipelines,BigQuery,https://github.com/googleapis/python-bigquery-storage/blob/main/samples/snippets/append_rows_proto2.py,Python
Data analytics and pipelines,BigQuery,https://github.com/googleapis/python-bigquery/blob/main/samples/snippets/update_table_expiration.py,Python
Observability and monitoring,Logging,https://github.com/googleapis/python-logging/blob/main/samples/snippets/snippets.py,Python
Databases,Cloud SQL,https://github.com/terraform-google-modules/terraform-docs-samples/blob/main/cloud_sql/mysql_instance_pvp/main.tf,Terraform
Databases,Cloud SQL,https://github.com/terraform-google-modules/terraform-docs-samples/blob/main/cloud_sql/sqlserver_instance_ha/main.tf,Terraform
Compute,Google Kubernetes Engine (GKE),https://github.com/terraform-google-modules/terraform-docs-samples/blob/main/gke/autopilot/config_sync/oci/main.tf,Terraform
Networking,Cloud Load Balancing,https://github.com/terraform-google-modules/terraform-docs-samples/blob/main/lb/internal_http_lb_with_mig_backend/main.tf,Terraform
Databases,Bigtable,https://github.com/GoogleCloudPlatform/dotnet-docs-samples/blob/main/bigtable/api/HelloWorld/HelloWorld.cs,C#
Compute,Cloud Functions,https://github.com/GoogleCloudPlatform/dotnet-docs-samples/blob/main/functions/firebase/FirebaseAnalytics/Function.cs,C#
Observability and monitoring,Monitoring,https://github.com/GoogleCloudPlatform/dotnet-docs-samples/blob/main/monitoring/api/AlertSample/Program.cs,C#
Security,Secret Manager,https://github.com/GoogleCloudPlatform/dotnet-docs-samples/blob/main/secretmanager/api/SecretManager.Samples/ViewSecretAnnotations.cs,C#
Storage,Cloud Storage,https://github.com/GoogleCloudPlatform/dotnet-docs-samples/blob/main/storage/api/Storage.Samples/ObjectCsekToCmek.cs,C#
Compute,Cloud Run,https://github.com/GoogleCloudPlatform/getting-started-java/blob/main/bookshelf/1-cloud-run/src/main/java/com/example/getstarted/basicactions/DeleteBookServlet.java,Java
AI and ML,Vertex AI,https://github.com/GoogleCloudPlatform/golang-samples/blob/main/automl/model_deploy.go,Go
Data analytics and pipelines,BigQuery,https://github.com/GoogleCloudPlatform/golang-samples/blob/main/bigquery/snippets/querying/bigquery_query.go,Go
Compute,Compute Engine,https://github.com/GoogleCloudPlatform/golang-samples/blob/main/compute/disks/create_hyperdisk.go,Go
Compute,Compute Engine,https://github.com/GoogleCloudPlatform/golang-samples/blob/main/compute/instances/create-start-instance/create_instance_with_additional_disk.go,Go
Security,Sensitive Data Protection,https://github.com/GoogleCloudPlatform/golang-samples/blob/main/dlp/snippets/deid/deid_table_infotypes.go,Go
Compute,Batch,https://github.com/GoogleCloudPlatform/golang-samples/blob/main/firestore/save_data_batch_writes.go,Go
Databases,Firestore,https://github.com/GoogleCloudPlatform/golang-samples/blob/main/firestore/save_data_delete_collection.go,Go
Networking,Media CDN,https://github.com/GoogleCloudPlatform/golang-samples/blob/main/media/livestream/create_input.go,Go
Networking,Media CDN,https://github.com/GoogleCloudPlatform/golang-samples/blob/main/media/videostitcher/create_vod_session.go,Go
Databases,Memorystore for Memcached,https://github.com/GoogleCloudPlatform/golang-samples/blob/main/memorystore/snippets/connect_to_db.go,Go
Security,Secret Manager,https://github.com/GoogleCloudPlatform/golang-samples/blob/main/parametermanager/regional_samples/delete_regional_param_version.go,Go
App development,Pub/Sub,https://github.com/GoogleCloudPlatform/golang-samples/blob/main/pubsub/topics/create.go,Go
App development,Pub/Sub,https://github.com/GoogleCloudPlatform/golang-samples/blob/main/pubsub/topics/create_topic_gcs_ingestion.go,Go
App development,Pub/Sub,https://github.com/GoogleCloudPlatform/golang-samples/blob/main/pubsub/topics/publish_single.go,Go
Databases,Spanner,https://github.com/GoogleCloudPlatform/golang-samples/blob/main/spanner/opentelemetry/spanner_opentelemetry_usage.go,Go
Databases,Spanner,https://github.com/GoogleCloudPlatform/golang-samples/blob/main/spanner/spanner_snippets/spanner/spanner_create_database_with_retention_period.go,Go
Databases,Spanner,https://github.com/GoogleCloudPlatform/golang-samples/blob/main/spanner/spanner_snippets/spanner/spanner_update_data.go,Go
Storage,Cloud Storage,https://github.com/GoogleCloudPlatform/golang-samples/blob/main/storage/buckets/get_rpo.go,Go
AI and ML,Vertex AI,https://github.com/GoogleCloudPlatform/java-docs-samples/blob/main/aiplatform/src/main/java/aiplatform/CreateDatasetSample.java,Java
Compute,App Engine,https://github.com/GoogleCloudPlatform/java-docs-samples/blob/main/appengine-java8/search/src/main/java/com/example/appengine/search/SchemaServlet.java,Java
Security,Identity and Access Management (IAM),https://github.com/GoogleCloudPlatform/java-docs-samples/blob/main/auth/src/main/java/LookupApiKey.java,Java
Compute,Batch,https://github.com/GoogleCloudPlatform/java-docs-samples/blob/main/batch/snippets/src/main/java/com/example/batch/CreateWithTemplate.java,Java
Data analytics and pipelines,BigQuery,https://github.com/GoogleCloudPlatform/java-docs-samples/blob/main/bigquery/bigquerydatatransfer/snippets/src/main/java/com/example/bigquerydatatransfer/ScheduleBackFill.java,Java
Databases,Cloud SQL,https://github.com/GoogleCloudPlatform/java-docs-samples/blob/main/cloud-sql/postgres/servlet/src/main/java/com/example/cloudsql/ConnectorIamAuthnConnectionPoolFactory.java,Java
Compute,Compute Engine,https://github.com/GoogleCloudPlatform/java-docs-samples/blob/main/compute/cloud-client/src/main/java/compute/disks/consistencygroup/StopRegionalDiskReplicationConsistencyGroup.java,Java
Compute,Compute Engine,https://github.com/GoogleCloudPlatform/java-docs-samples/blob/main/compute/cloud-client/src/main/java/compute/preemptible/IsPreemptible.java,Java
Compute,Compute Engine,https://github.com/GoogleCloudPlatform/java-docs-samples/blob/main/compute/cloud-client/src/main/java/compute/reservation/CreateReservationFromVm.java,Java
AI and ML,Contact Center AI,https://github.com/GoogleCloudPlatform/java-docs-samples/blob/main/contact-center-insights/src/main/java/com/example/contactcenterinsights/ExportToBigquery.java,Java
AI and ML,DocAI,https://github.com/GoogleCloudPlatform/java-docs-samples/blob/main/content-warehouse/src/main/java/contentwarehouse/v1/SearchDocuments.java,Java
Data analytics and pipelines,Dataplex,https://github.com/GoogleCloudPlatform/java-docs-samples/blob/main/datacatalog/snippets/src/main/java/com/example/datacatalog/UpdateEntry.java,Java
Data analytics and pipelines,Dataflow,https://github.com/GoogleCloudPlatform/java-docs-samples/blob/main/dataflow/snippets/src/main/java/com/example/dataflow/ApacheIcebergDynamicDestinations.java,Java
App development,Eventarc,https://github.com/GoogleCloudPlatform/java-docs-samples/blob/main/eventarc/audit-storage/src/main/java/com/example/cloudrun/EventController.java,Java
Industry solutions,Healthcare Data Engine,https://github.com/GoogleCloudPlatform/java-docs-samples/blob/main/healthcare/v1/src/main/java/snippets/healthcare/fhir/resources/FhirResourceUpdate.java,Java
Security,Identity and Access Management (IAM),https://github.com/GoogleCloudPlatform/java-docs-samples/blob/main/iam/api-client/src/main/java/iam/snippets/TestPermissions.java,Java
Networking,Media CDN,https://github.com/GoogleCloudPlatform/java-docs-samples/blob/main/media/livestream/src/main/java/com/example/livestream/CreateInput.java,Java
Networking,Media CDN,https://github.com/GoogleCloudPlatform/java-docs-samples/blob/main/media/transcoder/src/main/java/com/example/transcoder/CreateJobWithStandaloneCaptions.java,Java
Security,Secret Manager,https://github.com/GoogleCloudPlatform/java-docs-samples/blob/main/secretmanager/src/main/java/secretmanager/regionalsamples/ListRegionalSecretsWithFilter.java,Java
Networking,Service Directory,https://github.com/GoogleCloudPlatform/java-docs-samples/blob/main/servicedirectory/src/main/java/com/example/servicedirectory/ServicesDelete.java,Java
Databases,Spanner,https://github.com/GoogleCloudPlatform/java-docs-samples/blob/main/spanner/jdbc/src/main/java/com/example/spanner/jdbc/LoadCsvExample.java,Java
AI and ML,Vertex AI Vision,https://github.com/GoogleCloudPlatform/java-docs-samples/blob/main/vision/snippets/src/main/java/com/example/vision/snippets/DetectLandmarksGcs.java,Java
Security,Web Risk,https://github.com/GoogleCloudPlatform/java-docs-samples/blob/main/webrisk/src/main/java/webrisk/SearchUri.java,Java
AI and ML,Vertex AI,https://github.com/GoogleCloudPlatform/nodejs-docs-samples/blob/main/ai-platform/snippets/create-entity-type-sample.js,JavaScript
Compute,App Engine,https://github.com/GoogleCloudPlatform/nodejs-docs-samples/blob/main/appengine/metadata/flexible_nodejs16_and_earlier/server.js,JavaScript
Data analytics and pipelines,BigQuery,https://github.com/GoogleCloudPlatform/nodejs-docs-samples/blob/main/dlp/inspectBigQueryTableWithSampling.js,JavaScript
Security,Sensitive Data Protection,https://github.com/GoogleCloudPlatform/nodejs-docs-samples/blob/main/dlp/inspectWithStoredInfotype.js,JavaScript
Compute,Cloud Functions,https://github.com/GoogleCloudPlatform/nodejs-docs-samples/blob/main/functions/helloworld/helloGCS/test/sample.system.storage.test.js,JavaScript
AI and ML,Vertex AI,https://github.com/GoogleCloudPlatform/nodejs-docs-samples/blob/main/generative-ai/snippets/inference/streamTextBasic.js,JavaScript
Security,Model Armor,https://github.com/GoogleCloudPlatform/nodejs-docs-samples/blob/main/model-armor/snippets/createTemplate.js,JavaScript
Observability and monitoring,Monitoring,https://github.com/GoogleCloudPlatform/nodejs-docs-samples/blob/main/monitoring/snippets/alerts.restorePolicies.js,JavaScript
Security,Secret Manager,https://github.com/GoogleCloudPlatform/nodejs-docs-samples/blob/main/secret-manager/deleteSecretLabel.js,JavaScript
Security,Secret Manager,https://github.com/GoogleCloudPlatform/nodejs-docs-samples/blob/main/secret-manager/regional_samples/createRegionalSecret.js,JavaScript
Security,Security Command Center,https://github.com/GoogleCloudPlatform/nodejs-docs-samples/blob/main/security-center/snippets/v2/getMuteRule.js,JavaScript
AI and ML,Translation,https://github.com/GoogleCloudPlatform/nodejs-docs-samples/blob/main/translate/v3beta1/translate_translate_document.js,JavaScript
AI and ML,Vertex AI Vision,https://github.com/GoogleCloudPlatform/nodejs-docs-samples/blob/main/vision/productSearch/createProduct.js,JavaScript
Databases,Spanner,https://github.com/GoogleCloudPlatform/opencensus-spanner-demo/blob/master/spannerlab.go,Go
Security,Sensitive Data Protection,https://github.com/GoogleCloudPlatform/php-docs-samples/blob/main/dlp/src/inspect_string_custom_excluding_substring.php,PHP
Compute,Batch,https://github.com/GoogleCloudPlatform/php-docs-samples/blob/main/firestore/src/data_batch_writes.php,PHP
Networking,Media CDN,https://github.com/GoogleCloudPlatform/php-docs-samples/blob/main/media/livestream/src/list_inputs.php,PHP
Networking,Media CDN,https://github.com/GoogleCloudPlatform/php-docs-samples/blob/main/media/transcoder/src/delete_job_template.php,PHP
Security,Model Armor,https://github.com/GoogleCloudPlatform/php-docs-samples/blob/main/modelarmor/src/delete_template.php,PHP
Security,Model Armor,https://github.com/GoogleCloudPlatform/php-docs-samples/blob/main/modelarmor/src/update_project_floor_settings.php,PHP
Observability and monitoring,Monitoring,https://github.com/GoogleCloudPlatform/php-docs-samples/blob/main/monitoring/src/alert_replace_channels.php,PHP
Security,reCAPTCHA,https://github.com/GoogleCloudPlatform/php-docs-samples/blob/main/recaptcha/src/create_key.php,PHP
Compute,Cloud Run,https://github.com/GoogleCloudPlatform/php-docs-samples/blob/main/run/laravel/bootstrap/app.php,PHP
Databases,Spanner,https://github.com/GoogleCloudPlatform/php-docs-samples/blob/main/spanner/src/query_data_with_nested_struct_field.php,PHP
Databases,Spanner,https://github.com/GoogleCloudPlatform/php-docs-samples/blob/main/spanner/src/query_information_schema_database_options.php,PHP
AI and ML,Translation,https://github.com/GoogleCloudPlatform/php-docs-samples/blob/main/translate/src/v3_get_supported_languages_for_target.php,PHP
AI and ML,Vertex AI Vision,https://github.com/GoogleCloudPlatform/php-docs-samples/blob/main/vision/src/detect_web_with_geo_metadata.php,PHP
Compute,Google Kubernetes Engine (GKE),https://github.com/GoogleCloudPlatform/python-docs-samples/blob/main/batch/create/create_with_container_no_mounting.py,Python
Data analytics and pipelines,BigQuery,https://github.com/GoogleCloudPlatform/python-docs-samples/blob/main/bigquery-datatransfer/snippets/manage_transfer_configs.py,Python
Security,Sensitive Data Protection,https://github.com/GoogleCloudPlatform/python-docs-samples/blob/main/dlp/snippets/Inspect/inspect_image_all_infotypes.py,Python
App development,Eventarc,https://github.com/GoogleCloudPlatform/python-docs-samples/blob/main/eventarc/audit-storage/main.py,Python
App development,Eventarc,https://github.com/GoogleCloudPlatform/python-docs-samples/blob/main/eventarc/generic/main.py,Python
AI and ML,Vertex AI,https://github.com/GoogleCloudPlatform/python-docs-samples/blob/main/generative_ai/model_tuning/distillation_example.py,Python
Databases,Spanner,https://github.com/GoogleCloudPlatform/ruby-docs-samples/blob/main/spanner/spanner_postgresql_interleaved_table.rb,Ruby
Compute,Cloud Functions,https://github.com/GoogleCloudPlatform/training-data-analyst/blob/master/courses/developingapps/nodejs/cloudfunctions/start/server/gcp/cloudstorage.js,JavaScript
AI and ML,Natural Language API,https://github.com/GoogleCloudPlatform/training-data-analyst/blob/master/courses/developingapps/nodejs/pubsub-languageapi-spanner/end/server/gcp/pubsub.js,JavaScript
Compute,Google Kubernetes Engine (GKE),https://github.com/GoogleCloudPlatform/training-data-analyst/blob/master/courses/developingapps/v1.3/nodejs/containerengine/end/backend/gcp/datastore.js,JavaScript
App development,Pub/Sub,https://github.com/GoogleCloudPlatform/training-data-analyst/blob/master/self-paced-labs/sensor-sim/sendData.py,Python
Compute,Google Kubernetes Engine (GKE),https://github.com/googleapis/google-cloud-node/blob/main/packages/google-cloud-gkehub/samples/quickstart.js,JavaScript
App development,Pub/Sub,https://github.com/googleapis/google-cloud-ruby/blob/main/google-cloud-pubsub/samples/pubsub_create_proto_schema.rb,Ruby
App development,Pub/Sub,https://github.com/googleapis/google-cloud-ruby/blob/main/google-cloud-pubsub/samples/pubsub_get_topic_policy.rb,Ruby
Storage,Cloud Storage,https://github.com/googleapis/google-cloud-ruby/blob/main/google-cloud-storage/samples/storage_upload_from_memory.rb,Ruby
Networking,Media CDN,https://github.com/googleapis/google-cloud-ruby/blob/main/google-cloud-video-stitcher/samples/create_slate.rb,Ruby
Data analytics and pipelines,BigQuery,https://github.com/googleapis/java-bigquery/blob/main/samples/snippets/src/main/java/com/example/bigquery/DeleteTable.java,Java
AI and ML,Cloud TPU,https://github.com/googleapis/java-storage/blob/main/samples/snippets/src/main/java/com/example/storage/bucket/MakeBucketPublic.java,Java
Compute,Cloud Run,https://github.com/googleapis/nodejs-bigquery/blob/main/samples/loadTableGCSAvroTruncate.js,JavaScript
Databases,Bigtable,https://github.com/googleapis/nodejs-bigtable/blob/main/samples/writeConditionally.js,JavaScript
App development,Pub/Sub,https://github.com/googleapis/nodejs-pubsub/blob/main/samples/testSubscriptionPermissions.js,JavaScript
Databases,Spanner,https://github.com/googleapis/nodejs-spanner/blob/main/samples/archived/list-instance-configs.js,JavaScript
Databases,Spanner,https://github.com/googleapis/nodejs-spanner/blob/main/samples/directed-reads.js,JavaScript
Databases,Spanner,https://github.com/googleapis/nodejs-spanner/blob/main/samples/index-create.js,JavaScript
AI and ML,Vertex AI,https://github.com/googleapis/python-aiplatform/blob/main/samples/model-builder/experiment_tracking/delete_execution_sample.py,Python
AI and ML,Vertex AI,https://github.com/googleapis/python-aiplatform/blob/main/samples/model-builder/experiment_tracking/get_experiment_run_models_sample.py,Python
Data analytics and pipelines,BigQuery,https://github.com/googleapis/python-bigquery/blob/main/samples/list_routines.py,Python
Databases,Bigtable,https://github.com/googleapis/python-bigtable/blob/main/samples/hello_happybase/main.py,Python
Storage,Cloud Storage,https://github.com/googleapis/python-storage/blob/main/samples/snippets/storage_object_csek_to_cmek.py,Python
Compute,Compute Engine,https://github.com/terraform-google-modules/terraform-docs-samples/blob/main/compute/service_account_for_instances/main.tf,Terraform
Compute,Cloud Functions,https://github.com/terraform-google-modules/terraform-docs-samples/blob/main/functions/basic_gcs/main.tf,Terraform
Networking,Cloud CDN,https://github.com/terraform-google-modules/terraform-docs-samples/blob/main/media_cdn/custom_headers/main.tf,Terraform
Data analytics and pipelines,BigQuery,https://github.com/GoogleCloudPlatform/dotnet-docs-samples/blob/main/bigquery/api/Snippets/QueryWithNamedParameters.cs,C#
Security,Sensitive Data Protection,https://github.com/GoogleCloudPlatform/dotnet-docs-samples/blob/main/dlp/api/Snippets/DeidentifyTableWithFpe.cs,C#
Security,Sensitive Data Protection,https://github.com/GoogleCloudPlatform/dotnet-docs-samples/blob/main/dlp/api/Snippets/UpdateStoredInfoTypes.cs,C#
Security,Identity and Access Management (IAM),https://github.com/GoogleCloudPlatform/dotnet-docs-samples/blob/main/iam/api/CustomRoles/RolesDelete.cs,C#
Security,Identity and Access Management (IAM),https://github.com/GoogleCloudPlatform/dotnet-docs-samples/blob/main/iam/api/CustomRoles/RolesList.cs,C#
Security,Identity and Access Management (IAM),https://github.com/GoogleCloudPlatform/dotnet-docs-samples/blob/main/iam/api/CustomRoles/RolesUndelete.cs,C#
Industry solutions,Vertex AI Search for retail,https://github.com/GoogleCloudPlatform/dotnet-docs-samples/blob/main/retail/interactive-tutorial/RetailProducts.Samples/SetInventorySample.cs,C#
Security,Secret Manager,https://github.com/GoogleCloudPlatform/dotnet-docs-samples/blob/main/secretmanager/api/SecretManager.Samples/CreateSecretWithTags.cs,C#
Security,Secret Manager,https://github.com/GoogleCloudPlatform/dotnet-docs-samples/blob/main/secretmanager/api/SecretManager.Samples/UpdateRegionalSecret.cs,C#
Storage,Cloud Storage,https://github.com/GoogleCloudPlatform/dotnet-docs-samples/blob/main/storage/api/Storage.Samples/ChangeFileStorageClass.cs,C#
AI and ML,Cloud TPU,https://github.com/GoogleCloudPlatform/dotnet-docs-samples/blob/main/storage/api/Storage.Samples/GetPublicAccessPrevention.cs,C#
Compute,App Engine,https://github.com/GoogleCloudPlatform/getting-started-java/blob/main/appengine-standard-java8/helloworld-gae-javasdk-tools/src/main/java/com/example/appengine/java8/HelloAppEngine.java,Java
Security,Identity and Access Management (IAM),https://github.com/GoogleCloudPlatform/getting-started-java/blob/main/bookshelf-standard/4-auth/src/main/java/com/example/getstarted/auth/LogoutServlet.java,Java
Security,Cloud Asset Inventory,https://github.com/GoogleCloudPlatform/golang-samples/blob/main/asset/quickstart/analyze-org-policies/analyze_org_policies.go,Go
App development,Cloud Tasks,https://github.com/GoogleCloudPlatform/golang-samples/blob/main/datastore/tasks/update_entity.go,Go
Security,Sensitive Data Protection,https://github.com/GoogleCloudPlatform/golang-samples/blob/main/dlp/snippets/inspect/inspect_table.go,Go
Security,Sensitive Data Protection,https://github.com/GoogleCloudPlatform/golang-samples/blob/main/dlp/snippets/metadata/info_types.go,Go
Compute,App Engine,https://github.com/GoogleCloudPlatform/golang-samples/blob/main/docs/appengine/blobstore/blobstore.go,Go
Databases,Firestore,https://github.com/GoogleCloudPlatform/golang-samples/blob/main/firestore/save_update_multiple_fields.go,Go
Industry solutions,Healthcare Data Engine,https://github.com/GoogleCloudPlatform/golang-samples/blob/main/healthcare/dicom_export.go,Go
Industry solutions,Healthcare Data Engine,https://github.com/GoogleCloudPlatform/golang-samples/blob/main/healthcare/fhir_resource_import.go,Go
Industry solutions,Talent Solutions,https://github.com/GoogleCloudPlatform/golang-samples/blob/main/media/transcoder/list_jobs.go,Go
Networking,Cloud CDN,https://github.com/GoogleCloudPlatform/golang-samples/blob/main/media/videostitcher/update_cdn_key.go,Go
Security,Model Armor,https://github.com/GoogleCloudPlatform/golang-samples/blob/main/modelarmor/update_organization_floor_settings.go,Go
Observability and monitoring,Monitoring,https://github.com/GoogleCloudPlatform/golang-samples/blob/main/monitoring/uptime/uptime.go,Go
App development,Pub/Sub,https://github.com/GoogleCloudPlatform/golang-samples/blob/main/pubsub/subscriptions/pull_concurrency.go,Go
Storage,Cloud Storage,https://github.com/GoogleCloudPlatform/golang-samples/blob/main/storage/objects/generate_v4_put_object_signed_url.go,Go
AI and ML,Vertex AI,https://github.com/GoogleCloudPlatform/java-docs-samples/blob/main/aiplatform/src/main/java/aiplatform/CancelDataLabelingJobSample.java,Java
AI and ML,Vertex AI,https://github.com/GoogleCloudPlatform/java-docs-samples/blob/main/aiplatform/src/main/java/aiplatform/ImportDataTextClassificationSingleLabelSample.java,Java
Compute,Compute Engine,https://github.com/GoogleCloudPlatform/java-docs-samples/blob/main/compute/cloud-client/src/main/java/compute/ipaddress/GetVmAddress.java,Java
Data analytics and pipelines,BigQuery,https://github.com/GoogleCloudPlatform/java-docs-samples/blob/main/dlp/snippets/src/main/java/dlp/snippets/InspectBigQuerySendToScc.java,Java
Industry solutions,Healthcare Data Engine,https://github.com/GoogleCloudPlatform/java-docs-samples/blob/main/healthcare/v1/src/main/java/snippets/healthcare/datasets/DatasetDelete.java,Java
Security,Cloud KMS,https://github.com/GoogleCloudPlatform/java-docs-samples/blob/main/kms/src/main/java/kms/EncryptAsymmetric.java,Java
Networking,Media CDN,https://github.com/GoogleCloudPlatform/java-docs-samples/blob/main/media/livestream/src/main/java/com/example/livestream/GetChannel.java,Java
Networking,Media CDN,https://github.com/GoogleCloudPlatform/java-docs-samples/blob/main/media/livestream/src/main/java/com/example/livestream/UpdatePool.java,Java
Security,Security Command Center,https://github.com/GoogleCloudPlatform/java-docs-samples/blob/main/security-command-center/snippets/src/main/java/UpdateNotificationConfigSnippets.java,Java
Security,Security Command Center,https://github.com/GoogleCloudPlatform/java-docs-samples/blob/main/security-command-center/snippets/src/main/java/vtwo/client/CreateClientWithEndpoint.java,Java
AI and ML,Vertex AI Vision,https://github.com/GoogleCloudPlatform/java-docs-samples/blob/main/vision/snippets/src/main/java/com/example/vision/snippets/DetectFacesGcs.java,Java
Compute,Google Kubernetes Engine (GKE),https://github.com/GoogleCloudPlatform/kubernetes-engine-samples/blob/main/databases/qdrant/terraform/modules/cluster/main.tf,Terraform
AI and ML,Vertex AI,https://github.com/GoogleCloudPlatform/nodejs-docs-samples/blob/main/ai-platform/snippets/list-featurestores-async-sample.js,JavaScript
AI and ML,Vertex AI,https://github.com/GoogleCloudPlatform/nodejs-docs-samples/blob/main/automl/vision_classification_deploy_model_node_count.js,JavaScript
App development,Cloud Tasks,https://github.com/GoogleCloudPlatform/nodejs-docs-samples/blob/main/cloud-tasks/snippets/quickstart.js,JavaScript
Compute,Compute Engine,https://github.com/GoogleCloudPlatform/nodejs-docs-samples/blob/main/compute/create-instance-templates/getInstanceTemplate.js,JavaScript
Compute,Compute Engine,https://github.com/GoogleCloudPlatform/nodejs-docs-samples/blob/main/compute/disks/stopReplication.js,JavaScript
Security,Sensitive Data Protection,https://github.com/GoogleCloudPlatform/nodejs-docs-samples/blob/main/dlp/inspectStringCustomExcludingSubstring.js,JavaScript
Compute,Cloud Functions,https://github.com/GoogleCloudPlatform/nodejs-docs-samples/blob/main/functions/imagemagick/index.js,JavaScript